SV_ID,chr1,pos1,strand1,chr2,pos2,strand2,sv_type,frequency_count,total_samples,frequency_fraction,samples
SV_001,chr2,16226496,-,chr2,16225141,+,intrachromosomal,4,14,0.2857,BS_ANZMQ09Q;BS_BF2MCS03;BS_DPRBAXTR;BS_P3NDA9Z7
SV_002,chr2,16226496,-,chr2,16225124,-,intrachromosomal,3,14,0.2143,BS_ANZMQ09Q;BS_DPRBAXTR;BS_P3NDA9Z7
SV_003,chr2,16225236,+,chr2,16225236,+,intrachromosomal,3,14,0.2143,BS_ANZMQ09Q;BS_BF2MCS03;BS_P3NDA9Z7
SV_004,chr2,16226719,+,chr2,16225124,-,intrachromosomal,3,14,0.2143,BS_ANZMQ09Q;BS_BF2MCS03;BS_P3NDA9Z7
SV_005,2,16407764,-,2,16406409,+,intrachromosomal,2,14,0.1429,DO35556-SP78677;DO35573-SP78718
SV_006,chr2,23614,-,chr2,20479,-,intrachromosomal,2,14,0.1429,BS_ANZMQ09Q;BS_BF2MCS03
SV_007,chr2,32306,+,chr2,23930,+,intrachromosomal,2,14,0.1429,BS_ANZMQ09Q;BS_BF2MCS03
SV_008,chr2,9343870,-,chr2,8700774,-,intrachromosomal,2,14,0.1429,BS_ANZMQ09Q;BS_BF2MCS03
SV_009,chr2,11237570,+,chr2,8702135,-,intrachromosomal,2,14,0.1429,BS_ANZMQ09Q;BS_BF2MCS03
SV_010,chr2,12887255,-,chr2,9342398,+,intrachromosomal,2,14,0.1429,BS_ANZMQ09Q;BS_BF2MCS03
SV_011,chr2,12972605,+,chr2,12972605,+,intrachromosomal,2,14,0.1429,BS_ANZMQ09Q;BS_BF2MCS03
SV_012,chr2,13907715,+,chr2,13114300,-,intrachromosomal,2,14,0.1429,BS_ANZMQ09Q;BS_BF2MCS03
SV_013,chr2,14315133,-,chr2,14312246,+,intrachromosomal,2,14,0.1429,BS_ANZMQ09Q;BS_BF2MCS03
SV_014,chr2,16474297,+,chr2,23726,-,intrachromosomal,2,14,0.1429,BS_ANZMQ09Q;BS_BF2MCS03
SV_015,chr2,16474309,+,chr2,23782,+,intrachromosomal,2,14,0.1429,BS_ANZMQ09Q;BS_BF2MCS03
SV_016,chr2,16475980,+,chr2,16451875,+,intrachromosomal,2,14,0.1429,BS_ANZMQ09Q;BS_BF2MCS03
SV_017,chr2,44718546,+,chr2,20907,+,intrachromosomal,2,14,0.1429,BS_ANZMQ09Q;BS_BF2MCS03
SV_018,chr2,44738633,+,chr2,20479,-,intrachromosomal,2,14,0.1429,BS_ANZMQ09Q;BS_BF2MCS03
SV_019,chr2,44739174,-,chr2,23534,-,intrachromosomal,2,14,0.1429,BS_ANZMQ09Q;BS_BF2MCS03
SV_020,chr2,44739174,-,chr2,23766,+,intrachromosomal,2,14,0.1429,BS_ANZMQ09Q;BS_BF2MCS03
SV_021,chr2,44739263,+,chr2,23930,+,intrachromosomal,2,14,0.1429,BS_ANZMQ09Q;BS_BF2MCS03
SV_022,chr2,44739436,+,chr2,44718349,+,intrachromosomal,2,14,0.1429,BS_ANZMQ09Q;BS_BF2MCS03
SV_023,chr2,44739468,+,chr2,44718029,-,intrachromosomal,2,14,0.1429,BS_ANZMQ09Q;BS_BF2MCS03
SV_024,chr2,44747225,+,chr2,23589,-,intrachromosomal,2,14,0.1429,BS_ANZMQ09Q;BS_BF2MCS03
SV_025,chr2,49133720,-,chr2,13223610,+,intrachromosomal,2,14,0.1429,BS_ANZMQ09Q;BS_BF2MCS03
SV_026,chr2,51411836,-,chr12,17725464,+,interchromosomal,2,14,0.1429,BS_ANZMQ09Q;BS_BF2MCS03
SV_027,chr2,51438846,-,chr2,51438846,-,intrachromosomal,2,14,0.1429,BS_ANZMQ09Q;BS_BF2MCS03
SV_028,chr2,53110363,+,chr2,8701424,+,intrachromosomal,2,14,0.1429,BS_ANZMQ09Q;BS_BF2MCS03
SV_029,chr12,16044038,-,chr2,32397,+,interchromosomal,2,14,0.1429,BS_ANZMQ09Q;BS_BF2MCS03
SV_030,chr12,17839140,-,chr12,17577862,+,intrachromosomal,2,14,0.1429,BS_ANZMQ09Q;BS_BF2MCS03
SV_031,chr12,17839857,-,chr2,9253563,+,interchromosomal,2,14,0.1429,BS_ANZMQ09Q;BS_BF2MCS03
SV_032,chr12,17839922,-,chr2,12972458,+,interchromosomal,2,14,0.1429,BS_ANZMQ09Q;BS_BF2MCS03
SV_033,chr12,17840053,-,chr2,9253167,-,interchromosomal,2,14,0.1429,BS_ANZMQ09Q;BS_BF2MCS03
SV_034,chr12,17840377,+,chr2,12972075,-,interchromosomal,2,14,0.1429,BS_ANZMQ09Q;BS_BF2MCS03
SV_035,chr12,17924115,-,chr2,10496985,-,interchromosomal,2,14,0.1429,BS_ANZMQ09Q;BS_BF2MCS03
SV_036,chr12,17925174,-,chr2,13114268,+,interchromosomal,2,14,0.1429,BS_ANZMQ09Q;BS_BF2MCS03
SV_037,chr12,19119862,+,chr2,16451875,+,interchromosomal,2,14,0.1429,BS_ANZMQ09Q;BS_BF2MCS03
SV_038,1,237836691,-,1,237833893,-,intrachromosomal,1,14,0.0714,DO35542-SP78663
SV_039,1,238853250,-,1,238852316,+,intrachromosomal,1,14,0.0714,DO35542-SP78663
SV_040,1,239233900,-,17,36778230,-,interchromosomal,1,14,0.0714,DO35542-SP78663
SV_041,1,239234673,+,1,237837988,+,intrachromosomal,1,14,0.0714,DO35542-SP78663
SV_042,1,239241564,+,17,36491650,+,interchromosomal,1,14,0.0714,DO35542-SP78663
SV_043,2,16407764,-,2,16406413,+,intrachromosomal,1,14,0.0714,DO35542-SP78663
SV_044,2,16407819,-,2,16406392,-,intrachromosomal,1,14,0.0714,DO35542-SP78663
SV_045,2,16407987,+,2,16406392,-,intrachromosomal,1,14,0.0714,DO35542-SP78663
SV_046,2,16829366,+,2,16599607,-,intrachromosomal,1,14,0.0714,DO35542-SP78663
SV_047,2,17273297,+,2,15710236,-,intrachromosomal,1,14,0.0714,DO35542-SP78663
SV_048,17,36459777,+,17,36452003,-,intrachromosomal,1,14,0.0714,DO35542-SP78663
SV_049,17,36729202,+,17,36729185,+,intrachromosomal,1,14,0.0714,DO35542-SP78663
SV_050,17,36873902,+,17,36459340,-,intrachromosomal,1,14,0.0714,DO35542-SP78663
SV_051,2,16273863,-,2,16271642,+,intrachromosomal,1,14,0.0714,DO35556-SP78677
SV_052,2,16406505,+,2,16406505,+,intrachromosomal,1,14,0.0714,DO35556-SP78677
SV_053,2,16407764,-,2,16406390,-,intrachromosomal,1,14,0.0714,DO35556-SP78677
SV_054,2,16407988,+,2,16406392,-,intrachromosomal,1,14,0.0714,DO35556-SP78677
SV_055,2,16466728,+,2,16454152,-,intrachromosomal,1,14,0.0714,DO35556-SP78677
SV_056,2,16467918,+,2,15759473,-,intrachromosomal,1,14,0.0714,DO35556-SP78677
SV_057,2,16484216,-,2,16459130,-,intrachromosomal,1,14,0.0714,DO35556-SP78677
SV_058,2,16502434,-,2,16484216,-,intrachromosomal,1,14,0.0714,DO35556-SP78677
SV_059,2,16537846,+,2,16500676,-,intrachromosomal,1,14,0.0714,DO35556-SP78677
SV_060,2,16861643,+,2,16452383,+,intrachromosomal,1,14,0.0714,DO35556-SP78677
SV_061,1,168025732,-,1,168024573,+,intrachromosomal,1,14,0.0714,DO35573-SP78718
SV_062,2,14710116,-,2,14704170,+,intrachromosomal,1,14,0.0714,DO35573-SP78718
SV_063,2,15186549,-,2,15186549,-,intrachromosomal,1,14,0.0714,DO35573-SP78718
SV_064,2,15192215,-,2,15192215,-,intrachromosomal,1,14,0.0714,DO35573-SP78718
SV_065,2,15802042,-,2,15685839,+,intrachromosomal,1,14,0.0714,DO35573-SP78718
SV_066,2,15807786,-,2,15456530,-,intrachromosomal,1,14,0.0714,DO35573-SP78718
SV_067,2,15947423,-,2,15181365,-,intrachromosomal,1,14,0.0714,DO35573-SP78718
SV_068,2,16406504,+,2,16406486,+,intrachromosomal,1,14,0.0714,DO35573-SP78718
SV_069,2,16407987,+,2,16406535,-,intrachromosomal,1,14,0.0714,DO35573-SP78718
SV_070,2,16635743,-,2,15945535,+,intrachromosomal,1,14,0.0714,DO35573-SP78718
SV_071,2,17245429,-,2,15357500,+,intrachromosomal,1,14,0.0714,DO35573-SP78718
SV_072,2,17255291,+,2,16124413,+,intrachromosomal,1,14,0.0714,DO35573-SP78718
SV_073,2,16127418,-,2,16066637,+,intrachromosomal,1,14,0.0714,DO35625-SP78822
SV_074,2,15835418,-,2,15685700,+,intrachromosomal,1,14,0.0714,DO42240-SP92332
SV_075,2,15991843,-,2,15835382,+,intrachromosomal,1,14,0.0714,DO42240-SP92332
SV_076,2,16030776,-,2,15835163,-,intrachromosomal,1,14,0.0714,DO42240-SP92332
SV_077,2,16030781,+,2,15835466,-,intrachromosomal,1,14,0.0714,DO42240-SP92332
SV_078,2,16031471,+,2,15992235,-,intrachromosomal,1,14,0.0714,DO42240-SP92332
SV_079,2,16104071,+,2,15685241,+,intrachromosomal,1,14,0.0714,DO42240-SP92332
SV_080,2,16120534,+,2,15685811,+,intrachromosomal,1,14,0.0714,DO42240-SP92332
SV_081,2,16120546,-,2,15685255,-,intrachromosomal,1,14,0.0714,DO42240-SP92332
SV_082,2,16120924,+,2,15684989,-,intrachromosomal,1,14,0.0714,DO42240-SP92332
SV_083,1,244478980,-,2,15708861,+,interchromosomal,1,14,0.0714,DO48943-SP107462
SV_084,1,244478980,-,2,15709182,-,interchromosomal,1,14,0.0714,DO48943-SP107462
SV_085,1,244479151,+,2,16031135,+,interchromosomal,1,14,0.0714,DO48943-SP107462
SV_086,2,15593621,+,2,15533347,+,intrachromosomal,1,14,0.0714,DO48943-SP107462
SV_087,2,15660048,+,2,15448851,+,intrachromosomal,1,14,0.0714,DO48943-SP107462
SV_088,2,15709269,-,2,15708796,-,intrachromosomal,1,14,0.0714,DO48943-SP107462
SV_089,2,15728566,-,2,15725114,+,intrachromosomal,1,14,0.0714,DO48943-SP107462
SV_090,2,15799445,-,2,15599528,-,intrachromosomal,1,14,0.0714,DO48943-SP107462
SV_091,2,15898233,+,2,15680686,+,intrachromosomal,1,14,0.0714,DO48943-SP107462
SV_092,2,15967882,-,2,15499174,+,intrachromosomal,1,14,0.0714,DO48943-SP107462
SV_093,2,15993341,+,2,15795046,+,intrachromosomal,1,14,0.0714,DO48943-SP107462
SV_094,2,16021742,+,2,15986473,+,intrachromosomal,1,14,0.0714,DO48943-SP107462
SV_095,2,16023591,-,2,15465398,-,intrachromosomal,1,14,0.0714,DO48943-SP107462
SV_096,2,16037460,-,2,15939271,+,intrachromosomal,1,14,0.0714,DO48943-SP107462
SV_097,2,16102608,-,2,15506343,-,intrachromosomal,1,14,0.0714,DO48943-SP107462
SV_098,2,16144956,+,2,15380902,-,intrachromosomal,1,14,0.0714,DO48943-SP107462
SV_099,2,16185779,+,2,15213074,+,intrachromosomal,1,14,0.0714,DO48948-SP107467
SV_100,2,17033605,-,2,13643699,-,intrachromosomal,1,14,0.0714,DO48948-SP107467
SV_101,2,17142900,+,2,15335424,-,intrachromosomal,1,14,0.0714,DO48948-SP107467
SV_102,chr2,8972628,+,chr2,8498372,-,intrachromosomal,1,14,0.0714,BS_K3F9WIAN
SV_103,chr2,16433386,-,chr2,15912791,-,intrachromosomal,1,14,0.0714,BS_K3F9WIAN
SV_104,chr2,41020148,+,chr2,40566302,-,intrachromosomal,1,14,0.0714,BS_K3F9WIAN
SV_105,chr2,42676022,-,chr2,40802751,-,intrachromosomal,1,14,0.0714,BS_K3F9WIAN
SV_106,chr2,42703896,-,chr2,42700431,+,intrachromosomal,1,14,0.0714,BS_K3F9WIAN
SV_107,chr2,42888027,+,chr2,40590713,+,intrachromosomal,1,14,0.0714,BS_K3F9WIAN
SV_108,chr2,42888034,+,chr2,16130668,+,intrachromosomal,1,14,0.0714,BS_K3F9WIAN
SV_109,chr2,42951086,+,chr2,16057836,-,intrachromosomal,1,14,0.0714,BS_K3F9WIAN
SV_110,chr2,42955486,-,chr2,42854858,+,intrachromosomal,1,14,0.0714,BS_K3F9WIAN
SV_111,chr2,43022465,+,chr2,42859934,-,intrachromosomal,1,14,0.0714,BS_K3F9WIAN
SV_112,chr2,43029477,-,chr2,16054114,+,intrachromosomal,1,14,0.0714,BS_K3F9WIAN
SV_113,chr2,43143573,+,chr2,8652492,-,intrachromosomal,1,14,0.0714,BS_K3F9WIAN
SV_114,chr2,46963021,-,chr2,40590682,+,intrachromosomal,1,14,0.0714,BS_K3F9WIAN
SV_115,chr2,47307653,+,chr2,8530010,+,intrachromosomal,1,14,0.0714,BS_K3F9WIAN
SV_116,chr2,66953813,-,chr2,42894882,-,intrachromosomal,1,14,0.0714,BS_K3F9WIAN
SV_117,chr2,66994683,+,chr2,16486287,+,intrachromosomal,1,14,0.0714,BS_K3F9WIAN
SV_118,chr2,66994683,+,chr2,16486039,+,intrachromosomal,1,14,0.0714,BS_K3F9WIAN
SV_119,chr2,15924835,-,chr2,15924068,+,intrachromosomal,1,14,0.0714,BS_R8820GP1
SV_120,chr2,16133689,-,chr2,16131559,+,intrachromosomal,1,14,0.0714,BS_R8820GP1
SV_121,chr2,16225240,+,chr2,16225237,+,intrachromosomal,1,14,0.0714,BS_R8820GP1
SV_122,chr2,16226495,-,chr2,16225145,+,intrachromosomal,1,14,0.0714,BS_R8820GP1
SV_123,chr2,16226496,-,chr2,16225122,-,intrachromosomal,1,14,0.0714,BS_R8820GP1
SV_124,chr2,16226720,+,chr2,16225123,-,intrachromosomal,1,14,0.0714,BS_R8820GP1
SV_125,chr2,16865536,+,chr2,15082462,-,intrachromosomal,1,14,0.0714,BS_R8820GP1
SV_126,chr2,16868809,+,chr2,15106397,-,intrachromosomal,1,14,0.0714,BS_R8820GP1
SV_127,chr2,17125016,-,chr2,17119374,+,intrachromosomal,1,14,0.0714,BS_R8820GP1
SV_128,chr2,17179305,+,chr2,14434753,-,intrachromosomal,1,14,0.0714,BS_R8820GP1
SV_129,chr2,17201677,+,chr2,12897351,+,intrachromosomal,1,14,0.0714,BS_R8820GP1
SV_130,chr2,18575463,+,chr2,18561395,+,intrachromosomal,1,14,0.0714,BS_R8820GP1
SV_131,chr2,51188199,-,chr2,16939186,+,intrachromosomal,1,14,0.0714,BS_R8820GP1
SV_132,chr2,51700628,-,chr2,51699449,+,intrachromosomal,1,14,0.0714,BS_R8820GP1
SV_133,chr2,52402506,-,chr2,52401537,+,intrachromosomal,1,14,0.0714,BS_R8820GP1
SV_134,chr2,52409834,+,chr2,15938607,-,intrachromosomal,1,14,0.0714,BS_R8820GP1
SV_135,chr2,16133699,-,chr2,16131554,+,intrachromosomal,1,14,0.0714,BS_DPRBAXTR
SV_136,chr2,16225238,+,chr2,16225238,+,intrachromosomal,1,14,0.0714,BS_DPRBAXTR
SV_137,chr2,16226720,+,chr2,16225124,-,intrachromosomal,1,14,0.0714,BS_DPRBAXTR
SV_138,chr2,16638251,+,chr2,15633466,-,intrachromosomal,1,14,0.0714,BS_DPRBAXTR
SV_139,chr2,15594000,-,chr2,15593286,+,intrachromosomal,1,14,0.0714,BS_P3NDA9Z7
SV_140,chr2,15605797,-,chr2,15594611,-,intrachromosomal,1,14,0.0714,BS_P3NDA9Z7
SV_141,chr2,15605803,+,chr2,15594616,+,intrachromosomal,1,14,0.0714,BS_P3NDA9Z7
SV_142,chr2,16133697,-,chr2,16131500,+,intrachromosomal,1,14,0.0714,BS_P3NDA9Z7
SV_143,chr2,16226496,-,chr2,16225154,-,intrachromosomal,1,14,0.0714,BS_P3NDA9Z7
SV_144,chr2,16603087,-,chr2,15605563,-,intrachromosomal,1,14,0.0714,BS_P3NDA9Z7
SV_145,chr2,16603101,+,chr2,15593406,-,intrachromosomal,1,14,0.0714,BS_P3NDA9Z7
SV_146,chr2,16603129,-,chr2,15594616,+,intrachromosomal,1,14,0.0714,BS_P3NDA9Z7
SV_147,chr2,16603463,+,chr2,15594008,+,intrachromosomal,1,14,0.0714,BS_P3NDA9Z7
SV_148,chr2,16616034,-,chr2,15593860,+,intrachromosomal,1,14,0.0714,BS_P3NDA9Z7
SV_149,chr2,16616046,-,chr2,15593735,+,intrachromosomal,1,14,0.0714,BS_P3NDA9Z7
SV_150,chr2,16616131,-,chr2,16616131,-,intrachromosomal,1,14,0.0714,BS_P3NDA9Z7
SV_151,chr2,16616198,-,chr2,15592945,-,intrachromosomal,1,14,0.0714,BS_P3NDA9Z7
SV_152,chr2,16616459,-,chr2,16603460,+,intrachromosomal,1,14,0.0714,BS_P3NDA9Z7
SV_153,chr2,16616463,+,chr2,16616463,+,intrachromosomal,1,14,0.0714,BS_P3NDA9Z7
SV_154,chr2,16616574,+,chr2,15593898,+,intrachromosomal,1,14,0.0714,BS_P3NDA9Z7
SV_155,chr2,16616831,+,chr2,15592948,-,intrachromosomal,1,14,0.0714,BS_P3NDA9Z7
SV_156,chr2,16616857,+,chr2,16603463,+,intrachromosomal,1,14,0.0714,BS_P3NDA9Z7
SV_157,chr2,23782,+,chr2,20004,-,intrachromosomal,1,14,0.0714,BS_ANZMQ09Q
SV_158,chr2,32157,-,chr2,20179,+,intrachromosomal,1,14,0.0714,BS_ANZMQ09Q
SV_159,chr2,9253571,-,chr2,9252850,-,intrachromosomal,1,14,0.0714,BS_ANZMQ09Q
SV_160,chr2,10013332,+,chr2,10010865,-,intrachromosomal,1,14,0.0714,BS_ANZMQ09Q
SV_161,chr2,10015159,-,chr2,10013310,+,intrachromosomal,1,14,0.0714,BS_ANZMQ09Q
SV_162,chr2,10015288,+,chr2,10012874,-,intrachromosomal,1,14,0.0714,BS_ANZMQ09Q
SV_163,chr2,10686893,-,chr2,10685919,-,intrachromosomal,1,14,0.0714,BS_ANZMQ09Q
SV_164,chr2,10687068,+,chr2,10685855,+,intrachromosomal,1,14,0.0714,BS_ANZMQ09Q
SV_165,chr2,12971800,+,chr2,10495961,+,intrachromosomal,1,14,0.0714,BS_ANZMQ09Q
SV_166,chr2,12971801,-,chr2,9253176,-,intrachromosomal,1,14,0.0714,BS_ANZMQ09Q
SV_167,chr2,12971891,-,chr2,10495893,+,intrachromosomal,1,14,0.0714,BS_ANZMQ09Q
SV_168,chr2,15026494,-,chr2,15025891,+,intrachromosomal,1,14,0.0714,BS_ANZMQ09Q
SV_169,chr2,16133719,-,chr2,16131552,+,intrachromosomal,1,14,0.0714,BS_ANZMQ09Q
SV_170,chr2,16226496,-,chr2,16225164,-,intrachromosomal,1,14,0.0714,BS_ANZMQ09Q
SV_171,chr2,16469616,-,chr2,23676,+,intrachromosomal,1,14,0.0714,BS_ANZMQ09Q
SV_172,chr2,16472679,+,chr2,26611,+,intrachromosomal,1,14,0.0714,BS_ANZMQ09Q
SV_173,chr2,16474165,-,chr2,20004,-,intrachromosomal,1,14,0.0714,BS_ANZMQ09Q
SV_174,chr2,16474165,-,chr2,23601,+,intrachromosomal,1,14,0.0714,BS_ANZMQ09Q
SV_175,chr2,16474165,-,chr2,23720,+,intrachromosomal,1,14,0.0714,BS_ANZMQ09Q
SV_176,chr2,16480820,-,chr2,21402,-,intrachromosomal,1,14,0.0714,BS_ANZMQ09Q
SV_177,chr2,44714570,-,chr2,23689,-,intrachromosomal,1,14,0.0714,BS_ANZMQ09Q
SV_178,chr2,44718349,+,chr2,32173,-,intrachromosomal,1,14,0.0714,BS_ANZMQ09Q
SV_179,chr2,44718863,-,chr2,24064,+,intrachromosomal,1,14,0.0714,BS_ANZMQ09Q
SV_180,chr2,44721193,+,chr2,16474377,+,intrachromosomal,1,14,0.0714,BS_ANZMQ09Q
SV_181,chr2,44738755,-,chr2,44717940,-,intrachromosomal,1,14,0.0714,BS_ANZMQ09Q
SV_182,chr2,44738953,-,chr2,20191,+,intrachromosomal,1,14,0.0714,BS_ANZMQ09Q
SV_183,chr2,44739033,-,chr2,16474290,+,intrachromosomal,1,14,0.0714,BS_ANZMQ09Q
SV_184,chr2,44739177,-,chr12,16044002,+,interchromosomal,1,14,0.0714,BS_ANZMQ09Q
SV_185,chr2,44739177,-,chr2,32174,-,intrachromosomal,1,14,0.0714,BS_ANZMQ09Q
SV_186,chr2,44739177,-,chr12,16044038,-,interchromosomal,1,14,0.0714,BS_ANZMQ09Q
SV_187,chr2,44739178,-,chr2,16473593,-,intrachromosomal,1,14,0.0714,BS_ANZMQ09Q
SV_188,chr2,44739240,-,chr2,23745,+,intrachromosomal,1,14,0.0714,BS_ANZMQ09Q
SV_189,chr2,44739457,+,chr2,44739457,+,intrachromosomal,1,14,0.0714,BS_ANZMQ09Q
SV_190,chr2,44739509,+,chr2,16474166,-,intrachromosomal,1,14,0.0714,BS_ANZMQ09Q
SV_191,chr2,44739537,+,chr2,22405,-,intrachromosomal,1,14,0.0714,BS_ANZMQ09Q
SV_192,chr2,44739955,-,chr2,44737581,-,intrachromosomal,1,14,0.0714,BS_ANZMQ09Q
SV_193,chr2,44747970,+,chr2,44739206,-,intrachromosomal,1,14,0.0714,BS_ANZMQ09Q
SV_194,chr2,46013553,-,chr2,46012877,+,intrachromosomal,1,14,0.0714,BS_ANZMQ09Q
SV_195,chr2,46085942,-,chr2,46085404,+,intrachromosomal,1,14,0.0714,BS_ANZMQ09Q
SV_196,chr2,46720180,-,chr2,46719629,+,intrachromosomal,1,14,0.0714,BS_ANZMQ09Q
SV_197,chr2,47107289,-,chr2,47099839,+,intrachromosomal,1,14,0.0714,BS_ANZMQ09Q
SV_198,chr2,47582833,+,chr22,23856363,+,interchromosomal,1,14,0.0714,BS_ANZMQ09Q
SV_199,chr2,47582849,-,chr22,23853675,-,interchromosomal,1,14,0.0714,BS_ANZMQ09Q
SV_200,chr2,47888975,+,chr2,7157239,-,intrachromosomal,1,14,0.0714,BS_ANZMQ09Q
SV_201,chr2,47888988,-,chr2,7157153,+,intrachromosomal,1,14,0.0714,BS_ANZMQ09Q
SV_202,chr2,48557728,-,chr2,48554712,+,intrachromosomal,1,14,0.0714,BS_ANZMQ09Q
SV_203,chr2,49188605,+,chr2,49135199,+,intrachromosomal,1,14,0.0714,BS_ANZMQ09Q
SV_204,chr2,49269202,+,chr2,49154666,+,intrachromosomal,1,14,0.0714,BS_ANZMQ09Q
SV_205,chr2,51481332,-,chr2,13861346,-,intrachromosomal,1,14,0.0714,BS_ANZMQ09Q
SV_206,chr12,16268349,-,chr12,16267179,+,intrachromosomal,1,14,0.0714,BS_ANZMQ09Q
SV_207,chr12,17838944,+,chr12,17699421,-,intrachromosomal,1,14,0.0714,BS_ANZMQ09Q
SV_208,chr12,17839973,-,chr2,9253563,+,interchromosomal,1,14,0.0714,BS_ANZMQ09Q
SV_209,chr12,17840189,+,chr2,9253563,+,interchromosomal,1,14,0.0714,BS_ANZMQ09Q
SV_210,chr12,17840360,+,chr2,10498452,+,interchromosomal,1,14,0.0714,BS_ANZMQ09Q
SV_211,chr12,17906554,+,chr2,9253139,+,interchromosomal,1,14,0.0714,BS_ANZMQ09Q
SV_212,chr12,17924607,+,chr12,17839805,-,intrachromosomal,1,14,0.0714,BS_ANZMQ09Q
SV_213,chr12,17924651,-,chr12,17840360,+,intrachromosomal,1,14,0.0714,BS_ANZMQ09Q
SV_214,chr12,17925132,+,chr2,12971856,-,interchromosomal,1,14,0.0714,BS_ANZMQ09Q
SV_215,chr12,19119862,+,chr2,16475708,-,interchromosomal,1,14,0.0714,BS_ANZMQ09Q
SV_216,chr22,23837688,-,chr22,23836936,+,intrachromosomal,1,14,0.0714,BS_ANZMQ09Q
SV_217,chr22,23856318,-,chr22,23853753,+,intrachromosomal,1,14,0.0714,BS_ANZMQ09Q
SV_218,chr2,23534,-,chr2,23534,-,intrachromosomal,1,14,0.0714,BS_BF2MCS03
SV_219,chr2,23930,+,chr2,20188,+,intrachromosomal,1,14,0.0714,BS_BF2MCS03
SV_220,chr2,32157,-,chr2,20191,+,intrachromosomal,1,14,0.0714,BS_BF2MCS03
SV_221,chr2,32157,-,chr2,23783,+,intrachromosomal,1,14,0.0714,BS_BF2MCS03
SV_222,chr2,32270,+,chr2,23534,-,intrachromosomal,1,14,0.0714,BS_BF2MCS03
SV_223,chr2,10013326,+,chr2,10011482,-,intrachromosomal,1,14,0.0714,BS_BF2MCS03
SV_224,chr2,10015276,-,chr2,10013310,+,intrachromosomal,1,14,0.0714,BS_BF2MCS03
SV_225,chr2,10015287,-,chr2,10012091,+,intrachromosomal,1,14,0.0714,BS_BF2MCS03
SV_226,chr2,10015288,+,chr2,10012884,-,intrachromosomal,1,14,0.0714,BS_BF2MCS03
SV_227,chr2,10015345,+,chr2,10011484,-,intrachromosomal,1,14,0.0714,BS_BF2MCS03
SV_228,chr2,10686895,-,chr2,10685919,-,intrachromosomal,1,14,0.0714,BS_BF2MCS03
SV_229,chr2,10687071,+,chr2,10685911,+,intrachromosomal,1,14,0.0714,BS_BF2MCS03
SV_230,chr2,11237570,+,chr2,8702155,-,intrachromosomal,1,14,0.0714,BS_BF2MCS03
SV_231,chr2,12971801,+,chr2,10495961,+,intrachromosomal,1,14,0.0714,BS_BF2MCS03
SV_232,chr2,12972676,-,chr2,12971392,-,intrachromosomal,1,14,0.0714,BS_BF2MCS03
SV_233,chr2,16133694,-,chr2,16131546,+,intrachromosomal,1,14,0.0714,BS_BF2MCS03
SV_234,chr2,16474163,-,chr2,20004,-,intrachromosomal,1,14,0.0714,BS_BF2MCS03
SV_235,chr2,16474165,-,chr2,23766,+,intrachromosomal,1,14,0.0714,BS_BF2MCS03
SV_236,chr2,44718265,+,chr2,32281,-,intrachromosomal,1,14,0.0714,BS_BF2MCS03
SV_237,chr2,44730266,-,chr2,23720,+,intrachromosomal,1,14,0.0714,BS_BF2MCS03
SV_238,chr2,44730337,+,chr2,16474198,-,intrachromosomal,1,14,0.0714,BS_BF2MCS03
SV_239,chr2,44730337,+,chr2,23726,-,intrachromosomal,1,14,0.0714,BS_BF2MCS03
SV_240,chr2,44738755,-,chr2,44717935,-,intrachromosomal,1,14,0.0714,BS_BF2MCS03
SV_241,chr2,44738953,-,chr2,32306,+,intrachromosomal,1,14,0.0714,BS_BF2MCS03
SV_242,chr2,44738953,-,chr2,16473749,-,intrachromosomal,1,14,0.0714,BS_BF2MCS03
SV_243,chr2,44739005,-,chr2,20191,+,intrachromosomal,1,14,0.0714,BS_BF2MCS03
SV_244,chr2,44739029,-,chr2,16474290,+,intrachromosomal,1,14,0.0714,BS_BF2MCS03
SV_245,chr2,44739029,-,chr2,32173,-,intrachromosomal,1,14,0.0714,BS_BF2MCS03
SV_246,chr2,44739177,-,chr12,16044037,-,interchromosomal,1,14,0.0714,BS_BF2MCS03
SV_247,chr2,44739224,+,chr2,44730337,+,intrachromosomal,1,14,0.0714,BS_BF2MCS03
SV_248,chr2,44739244,-,chr2,23758,+,intrachromosomal,1,14,0.0714,BS_BF2MCS03
SV_249,chr2,44739252,-,chr2,23534,-,intrachromosomal,1,14,0.0714,BS_BF2MCS03
SV_250,chr2,44739263,+,chr2,16474297,+,intrachromosomal,1,14,0.0714,BS_BF2MCS03
SV_251,chr2,44739265,+,chr2,23726,-,intrachromosomal,1,14,0.0714,BS_BF2MCS03
SV_252,chr2,44739586,+,chr2,22404,-,intrachromosomal,1,14,0.0714,BS_BF2MCS03
SV_253,chr2,44739956,-,chr2,44737581,-,intrachromosomal,1,14,0.0714,BS_BF2MCS03
SV_254,chr2,44747152,+,chr2,20003,-,intrachromosomal,1,14,0.0714,BS_BF2MCS03
SV_255,chr2,44747225,+,chr2,16474309,+,intrachromosomal,1,14,0.0714,BS_BF2MCS03
SV_256,chr2,45386341,-,chr2,45385369,+,intrachromosomal,1,14,0.0714,BS_BF2MCS03
SV_257,chr2,45847819,-,chr2,45847264,+,intrachromosomal,1,14,0.0714,BS_BF2MCS03
SV_258,chr2,46683886,-,chr2,46683010,+,intrachromosomal,1,14,0.0714,BS_BF2MCS03
SV_259,chr2,47107300,-,chr2,47099832,+,intrachromosomal,1,14,0.0714,BS_BF2MCS03
SV_260,chr2,47523128,-,chr2,47522251,+,intrachromosomal,1,14,0.0714,BS_BF2MCS03
SV_261,chr2,47582861,-,chr22,23853675,-,interchromosomal,1,14,0.0714,BS_BF2MCS03
SV_262,chr2,47582864,+,chr22,23856363,+,interchromosomal,1,14,0.0714,BS_BF2MCS03
SV_263,chr2,47888874,+,chr2,7157239,-,intrachromosomal,1,14,0.0714,BS_BF2MCS03
SV_264,chr2,47888999,-,chr2,7156914,+,intrachromosomal,1,14,0.0714,BS_BF2MCS03
SV_265,chr2,48467718,-,chr2,48466854,+,intrachromosomal,1,14,0.0714,BS_BF2MCS03
SV_266,chr2,48557793,-,chr2,48554712,+,intrachromosomal,1,14,0.0714,BS_BF2MCS03
SV_267,chr2,49135199,+,chr2,48695651,-,intrachromosomal,1,14,0.0714,BS_BF2MCS03
SV_268,chr2,49986981,+,chr2,48696186,+,intrachromosomal,1,14,0.0714,BS_BF2MCS03
SV_269,chr2,51439019,+,chr2,51439019,+,intrachromosomal,1,14,0.0714,BS_BF2MCS03
SV_270,chr2,51476811,+,chr2,13223610,+,intrachromosomal,1,14,0.0714,BS_BF2MCS03
SV_271,chr2,51481309,-,chr2,13861346,-,intrachromosomal,1,14,0.0714,BS_BF2MCS03
SV_272,chr12,16044002,+,chr2,32397,+,interchromosomal,1,14,0.0714,BS_BF2MCS03
SV_273,chr12,16268349,-,chr12,16267188,+,intrachromosomal,1,14,0.0714,BS_BF2MCS03
SV_274,chr12,17839061,+,chr12,17699421,-,intrachromosomal,1,14,0.0714,BS_BF2MCS03
SV_275,chr12,17840189,+,chr2,9253372,+,interchromosomal,1,14,0.0714,BS_BF2MCS03
SV_276,chr12,17840359,+,chr2,10498291,+,interchromosomal,1,14,0.0714,BS_BF2MCS03
SV_277,chr12,17906554,+,chr2,9253157,+,interchromosomal,1,14,0.0714,BS_BF2MCS03
SV_278,chr12,17924608,+,chr12,17839794,-,intrachromosomal,1,14,0.0714,BS_BF2MCS03
SV_279,chr12,17924725,-,chr12,17840360,+,intrachromosomal,1,14,0.0714,BS_BF2MCS03
SV_280,chr12,17925132,+,chr2,12971911,-,interchromosomal,1,14,0.0714,BS_BF2MCS03
SV_281,chr12,19119863,+,chr2,16475708,-,interchromosomal,1,14,0.0714,BS_BF2MCS03
SV_282,chr13,108016681,+,chr2,12474819,+,interchromosomal,1,14,0.0714,BS_BF2MCS03
SV_283,chr13,108016730,-,chr2,12474634,-,interchromosomal,1,14,0.0714,BS_BF2MCS03
SV_284,chr22,23856317,-,chr22,23853712,+,intrachromosomal,1,14,0.0714,BS_BF2MCS03
SV_285,chr2,16084246,+,chr2,11786087,-,intrachromosomal,1,14,0.0714,BS_GW7MKKP9
